rplo 1 (Cyanobacteria),rplo 2 (Firmicutes),rplo 60 (Firmicutes),rplo 7 (Actinobacteria),rplo 10 (Firmicutes),rplo 100 (Proteobacteria),rplo 101 (Proteobacteria),rplo 102 (Actinobacteria),rplo 103 (Actinobacteria),rplo 104 (Bacteroidetes),rplo 105 (Proteobacteria),rplo 106 (Acidobacteria),rplo 107 (Actinobacteria),rplo 108 (Actinobacteria),rplo 109 (Proteobacteria),rplo 11 (Proteobacteria),rplo 110 (Proteobacteria),rplo 111 (Actinobacteria),rplo 112 (Actinobacteria),rplo 113 (unknown),rplo 114 (Deinococcus-Thermus),rplo 115 (Acidobacteria),rplo 116 (unknown),rplo 117 (Deferribacteres),rplo 118 (Acidobacteria),rplo 119 (Actinobacteria),rplo 12 (Gemmatimonadetes),rplo 120 (Actinobacteria),rplo 121 (Actinobacteria),rplo 122 (Cyanobacteria),rplo 123 (Cyanobacteria),rplo 124 (Chloroflexi),rplo 125 (Actinobacteria),rplo 126 (Gemmatimonadetes),rplo 127 (Acidobacteria),rplo 128 (Acidobacteria),rplo 129 (Proteobacteria),rplo 13 (Proteobacteria),rplo 130 (Verrucomicrobia),rplo 131 (Proteobacteria),rplo 132 (Proteobacteria),rplo 133 (Proteobacteria),rplo 135 (Actinobacteria),rplo 136 (Cyanobacteria),rplo 137 (Proteobacteria),rplo 138 (Bacteroidetes),rplo 139 (Actinobacteria),rplo 14 (Proteobacteria),rplo 140 (Chloroflexi),rplo 141 (Firmicutes),rplo 142 (Actinobacteria),rplo 143 (Actinobacteria),rplo 144 (Cyanobacteria),rplo 145 (Actinobacteria),rplo 146 (Chloroflexi),rplo 147 (Actinobacteria),rplo 148 (Chloroflexi),rplo 149 (Actinobacteria),rplo 15 (Firmicutes),rplo 150 (Actinobacteria),rplo 151 (Actinobacteria),rplo 152 (Bacteroidetes),rplo 153 (Bacteroidetes),rplo 154 (Proteobacteria),rplo 155 (Proteobacteria),rplo 156 (Proteobacteria),rplo 157 (Bacteroidetes),rplo 158 (Chloroflexi),rplo 159 (Actinobacteria),rplo 16 (Proteobacteria),rplo 160 (Actinobacteria),rplo 161 (Proteobacteria),rplo 162 (Actinobacteria),rplo 163 (Actinobacteria),rplo 164 (Cyanobacteria),rplo 165 (Proteobacteria),rplo 166 (Actinobacteria),rplo 167 (Chloroflexi),rplo 168 (Proteobacteria),rplo 169 (Proteobacteria),rplo 17 (Actinobacteria),rplo 170 (Proteobacteria),rplo 171 (Actinobacteria),rplo 172 (Firmicutes),rplo 173 (Proteobacteria),rplo 174 (Bacteroidetes),rplo 175 (Proteobacteria),rplo 176 (Proteobacteria),rplo 177 (Proteobacteria),rplo 178 (Acidobacteria),rplo 179 (Actinobacteria),rplo 18 (Gemmatimonadetes),rplo 180 (Actinobacteria),rplo 181 (Actinobacteria),rplo 182 (Bacteroidetes),rplo 183 (Actinobacteria),rplo 184 (Proteobacteria),rplo 185 (Acidobacteria),rplo 186 (Proteobacteria),rplo 187 (Thermotogae),rplo 188 (Chloroflexi),rplo 189 (Chloroflexi),rplo 190 (Planctomycetes),rplo 191 (Bacteroidetes),rplo 192 (Actinobacteria),rplo 193 (Proteobacteria),rplo 194 (Proteobacteria),rplo 195 (Gemmatimonadetes),rplo 196 (Thermotogae),rplo 197 (Actinobacteria),rplo 198 (Acidobacteria),rplo 199 (Thermobaculum),rplo 20 (Actinobacteria),rplo 200 (Actinobacteria),rplo 201 (Acidobacteria),rplo 202 (Firmicutes),rplo 203 (Chloroflexi),rplo 204 (Bacteroidetes),rplo 206 (Actinobacteria),rplo 207 (Proteobacteria),rplo 209 (Proteobacteria),rplo 21 (Actinobacteria),rplo 210 (Proteobacteria),rplo 211 (Actinobacteria),rplo 212 (unknown),rplo 213 (Bacteroidetes),rplo 214 (Bacteroidetes),rplo 215 (Verrucomicrobia),rplo 216 (Actinobacteria),rplo 217 (Proteobacteria),rplo 219 (Thermotogae),rplo 22 (Actinobacteria),rplo 220 (Chloroflexi),rplo 221 (Proteobacteria),rplo 222 (Proteobacteria),rplo 223 (Chloroflexi),rplo 224 (Chloroflexi),rplo 225 (Firmicutes),rplo 226 (Actinobacteria),rplo 227 (Actinobacteria),rplo 228 (Proteobacteria),rplo 229 (Proteobacteria),rplo 23 (Proteobacteria),rplo 230 (Proteobacteria),rplo 231 (Bacteroidetes),rplo 232 (Bacteroidetes),rplo 233 (Bacteroidetes),rplo 234 (Gemmatimonadetes),rplo 235 (Bacteroidetes),rplo 236 (Proteobacteria),rplo 237 (Firmicutes),rplo 238 (Acidobacteria),rplo 239 (Proteobacteria),rplo 24 (Actinobacteria),rplo 240 (Actinobacteria),rplo 241 (Gemmatimonadetes),rplo 242 (Acidobacteria),rplo 243 (Cyanobacteria),rplo 244 (Bacteroidetes),rplo 245 (Firmicutes),rplo 246 (Aquificae),rplo 247 (Firmicutes),rplo 248 (Cyanobacteria),rplo 249 (Proteobacteria),rplo 25 (Acidobacteria),rplo 250 (Actinobacteria),rplo 251 (Proteobacteria),rplo 252 (Thermotogae),rplo 253 (Actinobacteria),rplo 254 (Proteobacteria),rplo 255 (Proteobacteria),rplo 256 (Acidobacteria),rplo 257 (Chloroflexi),rplo 258 (Actinobacteria),rplo 259 (Proteobacteria),rplo 26 (Actinobacteria),rplo 260 (Acidobacteria),rplo 261 (Bacteroidetes),rplo 262 (Actinobacteria),rplo 263 (Cyanobacteria),rplo 264 (Actinobacteria),rplo 265 (Verrucomicrobia),rplo 266 (Proteobacteria),rplo 267 (Proteobacteria),rplo 268 (Chloroflexi),rplo 269 (Actinobacteria),rplo 27 (Proteobacteria),rplo 270 (Actinobacteria),rplo 271 (Proteobacteria),rplo 272 (Thermotogae),rplo 273 (Acidobacteria),rplo 274 (Bacteroidetes),rplo 275 (Chloroflexi),rplo 276 (Bacteroidetes),rplo 277 (Chloroflexi),rplo 278 (unknown),rplo 279 (Chloroflexi),rplo 28 (Proteobacteria),rplo 280 (Acidobacteria),rplo 281 (Chloroflexi),rplo 282 (Acidobacteria),rplo 283 (Verrucomicrobia),rplo 284 (Acidobacteria),rplo 285 (Proteobacteria),rplo 286 (unknown),rplo 287 (Chloroflexi),rplo 288 (Deinococcus-Thermus),rplo 289 (Proteobacteria),rplo 29 (Gemmatimonadetes),rplo 290 (Acidobacteria),rplo 291 (Nitrospirae),rplo 292 (Actinobacteria),rplo 293 (Acidobacteria),rplo 294 (Verrucomicrobia),rplo 295 (Actinobacteria),rplo 296 (Gemmatimonadetes),rplo 297 (Proteobacteria),rplo 298 (Chloroflexi),rplo 299 (unknown),rplo 3 (Proteobacteria),rplo 30 (Proteobacteria),rplo 300 (Proteobacteria),rplo 301 (Chloroflexi),rplo 302 (unknown),rplo 303 (Actinobacteria),rplo 304 (Chloroflexi),rplo 305 (Firmicutes),rplo 306 (Thermotogae),rplo 307 (Acidobacteria),rplo 308 (unknown),rplo 309 (unknown),rplo 31 (Firmicutes),rplo 310 (Chloroflexi),rplo 311 (Acidobacteria),rplo 312 (Gemmatimonadetes),rplo 313 (Firmicutes),rplo 314 (Acidobacteria),rplo 315 (Proteobacteria),rplo 316 (Bacteroidetes),rplo 317 (Gemmatimonadetes),rplo 318 (Acidobacteria),rplo 319 (Cyanobacteria),rplo 32 (Firmicutes),rplo 320 (Actinobacteria),rplo 321 (Firmicutes),rplo 322 (Actinobacteria),rplo 323 (Acidobacteria),rplo 324 (Proteobacteria),rplo 325 (Planctomycetes),rplo 326 (Actinobacteria),rplo 327 (Proteobacteria),rplo 328 (Chloroflexi),rplo 329 (Bacteroidetes),rplo 33 (Bacteroidetes),rplo 330 (Chloroflexi),rplo 331 (Bacteroidetes),rplo 332 (Cyanobacteria),rplo 333 (Firmicutes),rplo 334 (Actinobacteria),rplo 335 (Actinobacteria),rplo 336 (Proteobacteria),rplo 337 (unknown),rplo 338 (Actinobacteria),rplo 34 (Actinobacteria),rplo 340 (unknown),rplo 341 (Actinobacteria),rplo 342 (Chloroflexi),rplo 344 (Proteobacteria),rplo 345 (Actinobacteria),rplo 346 (Chloroflexi),rplo 348 (Cyanobacteria),rplo 349 (Acidobacteria),rplo 35 (Proteobacteria),rplo 350 (Proteobacteria),rplo 351 (Acidobacteria),rplo 352 (Bacteroidetes),rplo 353 (Firmicutes),rplo 355 (Verrucomicrobia),rplo 356 (Proteobacteria),rplo 357 (Cyanobacteria),rplo 359 (Actinobacteria),rplo 36 (Actinobacteria),rplo 360 (Firmicutes),rplo 361 (Firmicutes),rplo 362 (unknown),rplo 363 (Proteobacteria),rplo 364 (Firmicutes),rplo 365 (Armatimonadetes),rplo 366 (Firmicutes),rplo 367 (unknown),rplo 368 (Verrucomicrobia),rplo 369 (Chloroflexi),rplo 37 (Proteobacteria),rplo 370 (Chloroflexi),rplo 371 (Proteobacteria),rplo 373 (Proteobacteria),rplo 375 (Actinobacteria),rplo 376 (Proteobacteria),rplo 377 (Chloroflexi),rplo 378 (unknown),rplo 38 (Actinobacteria),rplo 380 (Actinobacteria),rplo 381 (Bacteroidetes),rplo 383 (Actinobacteria),rplo 385 (Chlorobi),rplo 386 (Actinobacteria),rplo 387 (Bacteroidetes),rplo 388 (Verrucomicrobia),rplo 389 (Armatimonadetes),rplo 39 (Actinobacteria),rplo 390 (Actinobacteria),rplo 391 (Thermotogae),rplo 392 (Firmicutes),rplo 393 (Actinobacteria),rplo 395 (Bacteroidetes),rplo 396 (Chloroflexi),rplo 398 (Chloroflexi),rplo 399 (Proteobacteria),rplo 4 (Firmicutes),rplo 40 (Acidobacteria),rplo 400 (Proteobacteria),rplo 401 (Aquificae),rplo 402 (Proteobacteria),rplo 403 (Bacteroidetes),rplo 405 (Actinobacteria),rplo 407 (Acidobacteria),rplo 408 (Deinococcus-Thermus),rplo 41 (Proteobacteria),rplo 410 (Actinobacteria),rplo 411 (Firmicutes),rplo 412 (Acidobacteria),rplo 413 (Bacteroidetes),rplo 414 (Chloroflexi),rplo 417 (Acidobacteria),rplo 418 (Bacteroidetes),rplo 42 (Acidobacteria),rplo 420 (unknown),rplo 421 (Chloroflexi),rplo 422 (Chloroflexi),rplo 424 (Acidobacteria),rplo 425 (Chloroflexi),rplo 426 (Firmicutes),rplo 427 (unknown),rplo 428 (Acidobacteria),rplo 429 (Bacteroidetes),rplo 43 (Proteobacteria),rplo 430 (Proteobacteria),rplo 431 (Thermobaculum),rplo 434 (Firmicutes),rplo 435 (Actinobacteria),rplo 437 (Bacteroidetes),rplo 438 (Proteobacteria),rplo 439 (Actinobacteria),rplo 44 (Actinobacteria),rplo 441 (Proteobacteria),rplo 444 (Chloroflexi),rplo 445 (Verrucomicrobia),rplo 447 (Chloroflexi),rplo 448 (Bacteroidetes),rplo 449 (Proteobacteria),rplo 45 (Proteobacteria),rplo 450 (unknown),rplo 451 (Acidobacteria),rplo 453 (Actinobacteria),rplo 454 (unknown),rplo 455 (Gemmatimonadetes),rplo 456 (Gemmatimonadetes),rplo 458 (Chloroflexi),rplo 459 (Proteobacteria),rplo 46 (Proteobacteria),rplo 460 (Bacteroidetes),rplo 47 (Proteobacteria),rplo 48 (Actinobacteria),rplo 49 (Gemmatimonadetes),rplo 5 (Firmicutes),rplo 50 (Actinobacteria),rplo 51 (Proteobacteria),rplo 52 (Cyanobacteria),rplo 53 (Proteobacteria),rplo 54 (Proteobacteria),rplo 55 (Proteobacteria),rplo 56 (Proteobacteria),rplo 57 (Proteobacteria),rplo 58 (Proteobacteria),rplo 59 (Actinobacteria),rplo 6 (Actinobacteria),rplo 61 (Proteobacteria),rplo 62 (Proteobacteria),rplo 63 (Actinobacteria),rplo 64 (Cyanobacteria),rplo 65 (Actinobacteria),rplo 66 (Bacteroidetes),rplo 67 (Proteobacteria),rplo 68 (Firmicutes),rplo 69 (Proteobacteria),rplo 70 (Proteobacteria),rplo 71 (Actinobacteria),rplo 72 (Firmicutes),rplo 73 (Bacteroidetes),rplo 74 (Proteobacteria),rplo 75 (Acidobacteria),rplo 77 (Proteobacteria),rplo 78 (Actinobacteria),rplo 79 (Actinobacteria),rplo 8 (Acidobacteria),rplo 80 (Actinobacteria),rplo 81 (unknown),rplo 82 (Actinobacteria),rplo 83 (Acidobacteria),rplo 84 (Proteobacteria),rplo 86 (Proteobacteria),rplo 87 (Proteobacteria),rplo 89 (Bacteroidetes),rplo 9 (Proteobacteria),rplo 90 (Proteobacteria),rplo 91 (Actinobacteria),rplo 92 (Proteobacteria),rplo 93 (Proteobacteria),rplo 94 (unknown),rplo 95 (Proteobacteria),rplo 96 (unknown),rplo 97 (Firmicutes),rplo 98 (Actinobacteria),rplo 99 (Cyanobacteria)
3771.0,2592.0,0.0,457.0,775.0,55.0,74.0,130.0,267.0,119.0,43.0,0.0,63.0,77.0,0.0,0.0,0.0,0.0,76.0,0.0,75.0,42.0,0.0,50.0,45.0,0.0,193.0,22.0,0.0,0.0,0.0,36.0,48.0,22.0,61.0,0.0,0.0,22.0,0.0,23.0,0.0,111.0,54.0,0.0,0.0,0.0,0.0,2136.0,85.0,68.0,0.0,24.0,23.0,123.0,31.0,90.0,16.0,24.0,41.0,113.0,43.0,45.0,0.0,0.0,70.0,20.0,0.0,0.0,191.0,130.0,22.0,20.0,0.0,98.0,0.0,44.0,65.0,54.0,0.0,0.0,97.0,0.0,24.0,38.0,0.0,0.0,20.0,0.0,68.0,23.0,137.0,356.0,44.0,0.0,47.0,36.0,0.0,25.0,24.0,91.0,72.0,0.0,0.0,0.0,145.0,53.0,0.0,21.0,19.0,0.0,0.0,21.0,46.0,61.0,0.0,22.0,72.0,24.0,0.0,0.0,22.0,105.0,39.0,24.0,0.0,0.0,0.0,111.0,0.0,0.0,0.0,145.0,24.0,44.0,43.0,20.0,30.0,0.0,0.0,50.0,23.0,0.0,38.0,69.0,24.0,43.0,166.0,138.0,47.0,20.0,0.0,0.0,0.0,73.0,19.0,0.0,48.0,22.0,95.0,0.0,0.0,20.0,0.0,49.0,22.0,48.0,0.0,0.0,0.0,0.0,0.0,89.0,0.0,51.0,159.0,242.0,0.0,0.0,45.0,0.0,0.0,22.0,0.0,0.0,0.0,43.0,213.0,0.0,0.0,0.0,45.0,24.0,21.0,0.0,72.0,81.0,18.0,19.0,21.0,0.0,23.0,96.0,22.0,0.0,0.0,18.0,0.0,21.0,0.0,0.0,0.0,0.0,0.0,24.0,110.0,0.0,0.0,18.0,22.0,164.0,203.0,0.0,50.0,0.0,24.0,23.0,0.0,0.0,17.0,0.0,89.0,0.0,72.0,0.0,23.0,0.0,45.0,0.0,96.0,0.0,0.0,0.0,0.0,0.0,45.0,21.0,22.0,0.0,0.0,24.0,0.0,19.0,71.0,214.0,0.0,0.0,0.0,0.0,24.0,0.0,0.0,0.0,0.0,312.0,0.0,93.0,0.0,0.0,0.0,0.0,0.0,45.0,21.0,22.0,0.0,24.0,0.0,125.0,0.0,23.0,34.0,194.0,32.0,24.0,93.0,20.0,0.0,86.0,23.0,44.0,0.0,12.0,44.0,18.0,22.0,44.0,43.0,0.0,23.0,0.0,63.0,46.0,24.0,46.0,0.0,47.0,0.0,0.0,0.0,300.0,21.0,0.0,23.0,82.0,0.0,36.0,45.0,68.0,1307.0,23.0,0.0,0.0,0.0,0.0,48.0,0.0,0.0,109.0,17.0,0.0,0.0,0.0,18.0,0.0,0.0,44.0,22.0,0.0,0.0,0.0,30.0,0.0,22.0,0.0,0.0,40.0,0.0,21.0,0.0,21.0,47.0,25.0,24.0,140.0,0.0,22.0,0.0,0.0,0.0,0.0,87.0,22.0,0.0,0.0,22.0,0.0,0.0,0.0,0.0,40.0,24.0,20.0,42.0,64.0,751.0,0.0,41.0,0.0,95.0,43.0,48.0,42.0,20.0,65.0,21.0,80.0,17.0,0.0,0.0,26.0,185.0,51.0,0.0,0.0,45.0,0.0,107.0,0.0,0.0,0.0,0.0,0.0,44.0,116.0,60.0,42.0,20.0,0.0,0.0,84.0,20.0,42.0,167.0,186.0,43.0,73.0,43.0,43.0,42.0,49.0,267.0,0.0,170.0,0.0
1016.0,19.0,231.0,285.0,0.0,0.0,0.0,138.0,197.0,0.0,51.0,0.0,34.0,92.0,1014.0,152.0,0.0,18.0,31.0,81.0,20.0,17.0,416.0,40.0,0.0,17.0,69.0,70.0,69.0,0.0,0.0,72.0,19.0,17.0,122.0,18.0,32.0,18.0,0.0,19.0,67.0,35.0,88.0,0.0,35.0,0.0,27.0,51.0,101.0,27.0,31.0,39.0,0.0,117.0,51.0,0.0,180.0,19.0,51.0,18.0,52.0,36.0,0.0,70.0,75.0,49.0,20.0,57.0,19.0,69.0,103.0,0.0,77.0,117.0,0.0,17.0,17.0,115.0,47.0,33.0,193.0,52.0,39.0,15.0,17.0,38.0,49.0,74.0,36.0,36.0,109.0,35.0,17.0,35.0,0.0,29.0,0.0,40.0,19.0,147.0,85.0,0.0,0.0,38.0,38.0,0.0,50.0,17.0,0.0,29.0,34.0,66.0,96.0,32.0,18.0,89.0,43.0,38.0,105.0,18.0,0.0,283.0,62.0,76.0,37.0,0.0,0.0,0.0,17.0,17.0,0.0,200.0,0.0,17.0,17.0,47.0,72.0,56.0,61.0,79.0,0.0,0.0,45.0,0.0,0.0,17.0,0.0,37.0,19.0,0.0,17.0,0.0,20.0,77.0,31.0,0.0,38.0,0.0,19.0,0.0,0.0,36.0,0.0,20.0,51.0,135.0,0.0,18.0,0.0,0.0,137.0,18.0,34.0,94.0,0.0,586.0,0.0,27.0,96.0,0.0,0.0,0.0,53.0,0.0,0.0,18.0,119.0,17.0,17.0,37.0,0.0,0.0,17.0,0.0,0.0,32.0,42.0,46.0,36.0,14.0,0.0,19.0,0.0,0.0,0.0,0.0,0.0,67.0,55.0,0.0,19.0,46.0,18.0,0.0,58.0,35.0,0.0,72.0,35.0,147.0,89.0,0.0,28.0,0.0,19.0,18.0,16.0,0.0,54.0,35.0,35.0,0.0,43.0,0.0,0.0,64.0,0.0,0.0,0.0,0.0,0.0,0.0,0.0,0.0,0.0,51.0,0.0,19.0,52.0,58.0,0.0,15.0,0.0,38.0,29.0,0.0,0.0,0.0,0.0,87.0,0.0,17.0,19.0,303.0,0.0,56.0,41.0,0.0,0.0,19.0,0.0,0.0,50.0,17.0,0.0,0.0,0.0,0.0,20.0,0.0,70.0,119.0,38.0,0.0,49.0,0.0,19.0,17.0,92.0,17.0,17.0,78.0,87.0,85.0,35.0,0.0,34.0,0.0,75.0,0.0,117.0,18.0,0.0,18.0,34.0,19.0,19.0,19.0,0.0,68.0,16.0,0.0,0.0,15.0,19.0,13.0,35.0,0.0,0.0,55.0,0.0,0.0,18.0,19.0,39.0,0.0,17.0,52.0,57.0,18.0,0.0,19.0,14.0,0.0,0.0,18.0,0.0,18.0,28.0,59.0,0.0,0.0,0.0,17.0,19.0,32.0,35.0,33.0,0.0,18.0,0.0,0.0,58.0,130.0,15.0,35.0,0.0,0.0,0.0,0.0,68.0,17.0,19.0,52.0,0.0,0.0,0.0,31.0,26.0,161.0,38.0,48.0,151.0,84.0,0.0,51.0,33.0,0.0,38.0,50.0,0.0,17.0,64.0,17.0,84.0,2113.0,358.0,71.0,38.0,0.0,129.0,39.0,20.0,0.0,90.0,0.0,100.0,39.0,0.0,0.0,36.0,0.0,103.0,55.0,168.0,150.0,32.0,19.0,0.0,34.0,48.0,83.0,0.0,99.0,0.0,19.0,35.0,17.0,35.0,20.0,53.0,0.0,203.0,0.0
976.0,0.0,174.0,170.0,0.0,0.0,25.0,23.0,0.0,49.0,66.0,0.0,0.0,99.0,0.0,153.0,0.0,71.0,0.0,0.0,26.0,0.0,0.0,0.0,0.0,21.0,308.0,45.0,22.0,0.0,122.0,0.0,50.0,22.0,0.0,23.0,0.0,0.0,0.0,72.0,65.0,0.0,0.0,24.0,67.0,0.0,68.0,0.0,0.0,0.0,81.0,25.0,47.0,0.0,0.0,47.0,0.0,50.0,129.0,0.0,66.0,0.0,0.0,113.0,24.0,0.0,26.0,18.0,0.0,134.0,0.0,21.0,0.0,17.0,48.0,45.0,22.0,0.0,0.0,44.0,221.0,22.0,0.0,0.0,89.0,0.0,21.0,24.0,0.0,22.0,0.0,137.0,22.0,0.0,24.0,0.0,634.0,0.0,0.0,0.0,0.0,73.0,20.0,24.0,0.0,53.0,23.0,22.0,20.0,19.0,0.0,0.0,174.0,42.0,0.0,0.0,0.0,25.0,0.0,68.0,0.0,0.0,0.0,0.0,0.0,49.0,24.0,0.0,44.0,41.0,0.0,129.0,24.0,0.0,22.0,0.0,0.0,0.0,0.0,0.0,0.0,23.0,955.0,47.0,0.0,0.0,0.0,0.0,0.0,42.0,0.0,0.0,0.0,50.0,0.0,0.0,25.0,0.0,0.0,45.0,22.0,0.0,0.0,0.0,0.0,0.0,45.0,24.0,25.0,0.0,19.0,0.0,22.0,0.0,23.0,0.0,21.0,0.0,0.0,25.0,25.0,24.0,43.0,23.0,75.0,0.0,0.0,44.0,153.0,0.0,0.0,0.0,43.0,0.0,0.0,0.0,0.0,40.0,0.0,19.0,0.0,0.0,0.0,91.0,0.0,0.0,0.0,0.0,0.0,0.0,0.0,0.0,0.0,25.0,0.0,0.0,0.0,0.0,0.0,83.0,69.0,0.0,18.0,0.0,25.0,0.0,0.0,0.0,0.0,0.0,0.0,74.0,0.0,0.0,0.0,0.0,0.0,0.0,0.0,0.0,39.0,96.0,0.0,0.0,0.0,22.0,0.0,0.0,0.0,0.0,0.0,40.0,0.0,24.0,0.0,25.0,49.0,22.0,48.0,0.0,20.0,67.0,0.0,49.0,0.0,0.0,0.0,0.0,44.0,0.0,22.0,0.0,0.0,0.0,0.0,0.0,0.0,0.0,0.0,0.0,0.0,44.0,0.0,0.0,0.0,62.0,0.0,0.0,0.0,0.0,22.0,0.0,198.0,0.0,22.0,0.0,0.0,0.0,0.0,91.0,0.0,24.0,0.0,24.0,0.0,0.0,46.0,0.0,0.0,176.0,21.0,0.0,23.0,0.0,72.0,0.0,0.0,0.0,25.0,23.0,0.0,24.0,0.0,0.0,0.0,0.0,0.0,0.0,0.0,0.0,0.0,0.0,0.0,0.0,0.0,68.0,0.0,0.0,0.0,0.0,0.0,98.0,0.0,0.0,0.0,21.0,22.0,0.0,0.0,0.0,21.0,0.0,0.0,24.0,0.0,0.0,0.0,22.0,0.0,22.0,22.0,0.0,0.0,0.0,0.0,0.0,0.0,0.0,0.0,62.0,0.0,41.0,87.0,22.0,0.0,88.0,42.0,0.0,49.0,0.0,101.0,170.0,41.0,175.0,64.0,1382.0,124.0,46.0,0.0,0.0,22.0,415.0,76.0,0.0,0.0,90.0,18.0,0.0,604.0,21.0,0.0,19.0,22.0,0.0,0.0,21.0,0.0,0.0,68.0,43.0,268.0,43.0,0.0,106.0,0.0,50.0,0.0,66.0,0.0,25.0,23.0,112.0,0.0,98.0
1538.0,6867.0,128.0,330.0,666.0,19.0,26.0,46.0,0.0,0.0,0.0,24.0,45.0,0.0,0.0,936.0,0.0,24.0,61.0,22.0,76.0,0.0,136.0,0.0,119.0,44.0,205.0,46.0,46.0,51.0,25.0,57.0,76.0,46.0,32.0,24.0,21.0,0.0,0.0,0.0,22.0,70.0,115.0,0.0,69.0,0.0,0.0,23.0,30.0,36.0,0.0,0.0,24.0,26.0,34.0,0.0,73.0,0.0,156.0,24.0,91.0,167.0,0.0,0.0,94.0,0.0,0.0,57.0,77.0,69.0,93.0,0.0,0.0,52.0,0.0,0.0,91.0,19.0,21.0,68.0,179.0,23.0,77.0,81.0,23.0,47.0,22.0,0.0,0.0,0.0,0.0,234.0,23.0,0.0,25.0,0.0,42.0,107.0,25.0,73.0,76.0,19.0,0.0,50.0,51.0,0.0,116.0,0.0,0.0,39.0,23.0,0.0,101.0,64.0,24.0,0.0,19.0,25.0,0.0,24.0,0.0,199.0,41.0,102.0,33.0,0.0,0.0,0.0,46.0,23.0,0.0,222.0,0.0,0.0,0.0,0.0,32.0,56.0,39.0,18.0,0.0,24.0,20.0,0.0,126.0,69.0,25.0,24.0,23.0,0.0,0.0,0.0,52.0,128.0,41.0,38.0,0.0,0.0,25.0,23.0,68.0,0.0,0.0,26.0,93.0,0.0,0.0,50.0,76.0,0.0,23.0,0.0,0.0,36.0,48.0,178.0,0.0,0.0,48.0,0.0,0.0,24.0,0.0,23.0,0.0,24.0,68.0,23.0,90.0,0.0,47.0,50.0,0.0,0.0,0.0,85.0,0.0,82.0,0.0,19.0,48.0,23.0,47.0,23.0,71.0,19.0,0.0,0.0,98.0,0.0,50.0,0.0,0.0,72.0,0.0,0.0,24.0,38.0,0.0,43.0,72.0,0.0,19.0,0.0,0.0,0.0,0.0,0.0,36.0,0.0,0.0,0.0,0.0,23.0,0.0,65.0,47.0,0.0,0.0,72.0,121.0,0.0,0.0,0.0,24.0,23.0,0.0,26.0,44.0,0.0,52.0,0.0,0.0,0.0,57.0,25.0,0.0,22.0,0.0,0.0,0.0,23.0,0.0,102.0,23.0,0.0,27.0,0.0,0.0,0.0,22.0,0.0,154.0,24.0,47.0,0.0,0.0,0.0,55.0,0.0,19.0,114.0,0.0,50.0,0.0,0.0,25.0,0.0,0.0,0.0,0.0,0.0,162.0,0.0,0.0,23.0,23.0,0.0,49.0,0.0,111.0,49.0,25.0,0.0,70.0,0.0,0.0,0.0,0.0,91.0,22.0,0.0,0.0,0.0,0.0,19.0,47.0,0.0,1305.0,121.0,0.0,0.0,0.0,0.0,26.0,0.0,0.0,139.0,0.0,23.0,0.0,0.0,19.0,24.0,0.0,23.0,24.0,0.0,0.0,0.0,0.0,25.0,0.0,0.0,0.0,64.0,23.0,0.0,0.0,0.0,0.0,26.0,26.0,125.0,58.0,0.0,0.0,22.0,30.0,23.0,69.0,22.0,25.0,23.0,0.0,0.0,0.0,20.0,0.0,64.0,0.0,63.0,90.0,157.0,948.0,251.0,0.0,72.0,50.0,67.0,104.0,67.0,106.0,67.0,89.0,85.0,92.0,166.0,200.0,0.0,49.0,215.0,208.0,0.0,95.0,93.0,19.0,0.0,0.0,21.0,0.0,80.0,23.0,98.0,383.0,111.0,86.0,0.0,0.0,89.0,106.0,109.0,76.0,109.0,46.0,51.0,23.0,229.0,69.0,52.0,141.0,0.0,72.0,51.0
4121.0,0.0,0.0,196.0,0.0,132.0,0.0,80.0,0.0,108.0,0.0,0.0,19.0,53.0,0.0,0.0,80.0,124.0,0.0,19.0,0.0,38.0,0.0,0.0,41.0,57.0,176.0,40.0,20.0,0.0,0.0,33.0,66.0,179.0,56.0,38.0,0.0,21.0,33.0,64.0,0.0,20.0,25.0,0.0,0.0,0.0,0.0,411.0,39.0,62.0,0.0,22.0,62.0,0.0,15.0,0.0,0.0,43.0,273.0,21.0,0.0,79.0,21.0,0.0,0.0,0.0,23.0,16.0,44.0,119.0,0.0,36.0,44.0,0.0,0.0,20.0,20.0,33.0,54.0,19.0,264.0,0.0,0.0,87.0,0.0,65.0,56.0,21.0,0.0,60.0,42.0,202.0,0.0,20.0,43.0,132.0,0.0,23.0,22.0,21.0,16.0,31.0,35.0,41.0,0.0,48.0,0.0,0.0,50.0,17.0,39.0,0.0,110.0,0.0,40.0,20.0,0.0,44.0,79.0,0.0,79.0,114.0,36.0,0.0,0.0,0.0,64.0,117.0,20.0,0.0,177.0,114.0,21.0,0.0,79.0,0.0,14.0,48.0,17.0,0.0,42.0,38.0,87.0,63.0,0.0,0.0,43.0,166.0,129.0,18.0,20.0,25.0,23.0,396.0,89.0,0.0,22.0,0.0,22.0,59.0,39.0,0.0,22.0,23.0,714.0,22.0,0.0,43.0,0.0,135.0,20.0,0.0,19.0,0.0,21.0,175.0,42.0,31.0,0.0,44.0,22.0,42.0,0.0,0.0,17.0,0.0,233.0,0.0,0.0,0.0,61.0,0.0,19.0,22.0,14.0,0.0,16.0,106.0,41.0,0.0,0.0,65.0,61.0,0.0,20.0,0.0,0.0,0.0,21.0,0.0,22.0,0.0,0.0,0.0,0.0,20.0,21.0,0.0,0.0,130.0,82.0,0.0,0.0,41.0,44.0,0.0,18.0,0.0,16.0,20.0,20.0,0.0,0.0,0.0,146.0,0.0,82.0,0.0,0.0,63.0,70.0,22.0,0.0,0.0,41.0,20.0,20.0,23.0,0.0,22.0,45.0,0.0,43.0,86.0,16.0,0.0,0.0,0.0,0.0,0.0,0.0,0.0,44.0,44.0,0.0,0.0,0.0,0.0,20.0,44.0,0.0,41.0,95.0,0.0,0.0,22.0,146.0,16.0,0.0,0.0,16.0,59.0,0.0,22.0,0.0,0.0,0.0,39.0,0.0,0.0,0.0,0.0,0.0,0.0,0.0,0.0,0.0,26.0,0.0,0.0,38.0,0.0,0.0,0.0,0.0,0.0,22.0,22.0,44.0,78.0,0.0,16.0,21.0,0.0,0.0,0.0,0.0,0.0,0.0,187.0,62.0,0.0,0.0,22.0,0.0,0.0,20.0,119.0,0.0,0.0,41.0,0.0,0.0,0.0,22.0,141.0,0.0,0.0,16.0,0.0,0.0,0.0,40.0,0.0,0.0,129.0,40.0,0.0,18.0,0.0,21.0,0.0,0.0,43.0,0.0,0.0,0.0,0.0,0.0,0.0,59.0,0.0,0.0,0.0,0.0,0.0,0.0,35.0,0.0,111.0,0.0,18.0,96.0,76.0,0.0,39.0,151.0,0.0,0.0,99.0,67.0,0.0,18.0,59.0,19.0,108.0,32.0,20.0,21.0,253.0,20.0,46.0,112.0,0.0,102.0,20.0,65.0,0.0,0.0,18.0,691.0,17.0,79.0,21.0,275.0,19.0,37.0,44.0,60.0,19.0,55.0,96.0,196.0,415.0,98.0,22.0,78.0,40.0,59.0,113.0,61.0,0.0,0.0,0.0
4489.0,25.0,0.0,122.0,0.0,56.0,0.0,21.0,20.0,24.0,0.0,23.0,22.0,20.0,20.0,155.0,22.0,71.0,119.0,42.0,26.0,130.0,90.0,0.0,0.0,22.0,422.0,0.0,45.0,25.0,25.0,18.0,0.0,0.0,63.0,23.0,0.0,0.0,147.0,48.0,22.0,23.0,0.0,73.0,112.0,0.0,105.0,0.0,15.0,17.0,0.0,0.0,0.0,0.0,16.0,0.0,18.0,25.0,243.0,0.0,0.0,23.0,24.0,0.0,24.0,0.0,75.0,37.0,50.0,290.0,0.0,142.0,0.0,0.0,0.0,0.0,22.0,0.0,0.0,152.0,149.0,290.0,0.0,20.0,67.0,24.0,21.0,24.0,44.0,0.0,0.0,430.0,0.0,67.0,0.0,37.0,0.0,0.0,25.0,24.0,0.0,37.0,40.0,0.0,0.0,0.0,0.0,22.0,40.0,0.0,20.0,0.0,124.0,62.0,46.0,203.0,19.0,0.0,90.0,156.0,22.0,108.0,0.0,0.0,0.0,0.0,73.0,0.0,22.0,22.0,55.0,43.0,194.0,22.0,22.0,41.0,16.0,52.0,0.0,0.0,47.0,0.0,117.0,24.0,0.0,0.0,0.0,0.0,94.0,0.0,43.0,0.0,0.0,25.0,0.0,0.0,0.0,114.0,98.0,22.0,43.0,0.0,0.0,0.0,90.0,0.0,0.0,0.0,25.0,0.0,22.0,0.0,22.0,0.0,0.0,0.0,23.0,69.0,0.0,0.0,0.0,24.0,46.0,68.0,18.0,0.0,152.0,0.0,22.0,0.0,0.0,24.0,0.0,0.0,0.0,0.0,0.0,80.0,92.0,37.0,0.0,25.0,69.0,0.0,0.0,18.0,21.0,0.0,1131.0,46.0,0.0,0.0,46.0,0.0,0.0,45.0,0.0,0.0,23.0,147.0,46.0,22.0,36.0,46.0,0.0,0.0,21.0,142.0,35.0,0.0,22.0,0.0,37.0,68.0,0.0,0.0,23.0,0.0,0.0,24.0,39.0,25.0,0.0,75.0,0.0,0.0,44.0,0.0,0.0,25.0,100.0,20.0,71.0,24.0,0.0,47.0,49.0,0.0,0.0,0.0,0.0,0.0,25.0,49.0,45.0,0.0,0.0,0.0,43.0,0.0,0.0,0.0,64.0,0.0,0.0,0.0,0.0,19.0,53.0,0.0,0.0,89.0,33.0,0.0,0.0,0.0,0.0,0.0,0.0,22.0,89.0,0.0,135.0,0.0,0.0,45.0,0.0,0.0,0.0,60.0,108.0,0.0,24.0,24.0,0.0,0.0,0.0,25.0,25.0,44.0,0.0,37.0,23.0,0.0,0.0,0.0,0.0,0.0,0.0,231.0,0.0,0.0,0.0,47.0,0.0,55.0,22.0,67.0,18.0,0.0,21.0,0.0,0.0,0.0,0.0,68.0,46.0,46.0,0.0,0.0,0.0,0.0,0.0,45.0,0.0,21.0,0.0,0.0,41.0,0.0,0.0,0.0,0.0,48.0,0.0,0.0,0.0,0.0,0.0,0.0,112.0,0.0,0.0,0.0,0.0,22.0,23.0,0.0,0.0,83.0,24.0,102.0,65.0,86.0,0.0,22.0,43.0,46.0,0.0,109.0,49.0,130.0,165.0,45.0,65.0,82.0,54.0,92.0,0.0,0.0,143.0,157.0,0.0,0.0,0.0,90.0,37.0,0.0,0.0,21.0,23.0,77.0,132.0,0.0,93.0,43.0,20.0,0.0,68.0,83.0,41.0,65.0,197.0,170.0,23.0,125.0,45.0,134.0,45.0,25.0,69.0,0.0,0.0,25.0
5313.0,0.0,0.0,337.0,0.0,91.0,0.0,0.0,0.0,119.0,129.0,45.0,0.0,96.0,0.0,669.0,155.0,23.0,78.0,182.0,23.0,42.0,0.0,48.0,23.0,63.0,216.0,44.0,22.0,0.0,0.0,0.0,49.0,44.0,62.0,23.0,0.0,0.0,18.0,0.0,21.0,0.0,0.0,24.0,22.0,0.0,34.0,0.0,28.0,0.0,40.0,45.0,0.0,0.0,0.0,23.0,0.0,24.0,277.0,0.0,22.0,23.0,71.0,66.0,0.0,21.0,100.0,0.0,0.0,305.0,22.0,0.0,24.0,0.0,45.0,0.0,0.0,0.0,20.0,21.0,195.0,22.0,0.0,75.0,22.0,72.0,21.0,23.0,23.0,91.0,0.0,157.0,22.0,22.0,72.0,37.0,0.0,51.0,121.0,0.0,18.0,36.0,39.0,24.0,0.0,53.0,0.0,0.0,0.0,18.0,65.0,0.0,97.0,0.0,66.0,155.0,0.0,24.0,0.0,0.0,22.0,147.0,0.0,73.0,0.0,119.0,48.0,0.0,43.0,65.0,54.0,105.0,0.0,0.0,21.0,20.0,0.0,0.0,37.0,0.0,70.0,45.0,172.0,23.0,24.0,0.0,0.0,0.0,24.0,41.0,43.0,55.0,25.0,316.0,20.0,143.0,0.0,22.0,24.0,65.0,0.0,42.0,72.0,0.0,243.0,0.0,85.0,70.0,0.0,25.0,0.0,0.0,21.0,0.0,0.0,24.0,0.0,33.0,30.0,24.0,49.0,46.0,22.0,0.0,37.0,23.0,64.0,21.0,0.0,0.0,0.0,0.0,21.0,0.0,15.0,0.0,0.0,78.0,0.0,0.0,0.0,0.0,22.0,22.0,0.0,0.0,21.0,21.0,23.0,91.0,0.0,19.0,0.0,24.0,0.0,19.0,46.0,0.0,22.0,206.0,45.0,21.0,53.0,0.0,0.0,0.0,0.0,60.0,0.0,67.0,0.0,0.0,0.0,0.0,46.0,0.0,0.0,0.0,0.0,23.0,0.0,0.0,0.0,0.0,23.0,0.0,0.0,0.0,66.0,0.0,0.0,0.0,0.0,143.0,0.0,24.0,24.0,0.0,25.0,22.0,40.0,44.0,0.0,48.0,0.0,0.0,0.0,22.0,41.0,0.0,0.0,23.0,82.0,0.0,0.0,48.0,0.0,37.0,26.0,23.0,0.0,22.0,0.0,0.0,0.0,41.0,24.0,0.0,0.0,0.0,0.0,0.0,66.0,0.0,22.0,22.0,22.0,28.0,0.0,0.0,125.0,0.0,24.0,23.0,0.0,0.0,0.0,0.0,21.0,0.0,21.0,18.0,0.0,0.0,24.0,0.0,0.0,0.0,0.0,92.0,0.0,24.0,0.0,0.0,0.0,53.0,44.0,110.0,0.0,44.0,0.0,0.0,0.0,0.0,0.0,111.0,0.0,0.0,0.0,0.0,30.0,0.0,0.0,0.0,0.0,41.0,0.0,0.0,0.0,0.0,0.0,75.0,0.0,142.0,0.0,0.0,0.0,22.0,28.0,0.0,66.0,0.0,0.0,0.0,0.0,22.0,0.0,0.0,0.0,81.0,0.0,60.0,63.0,43.0,0.0,0.0,42.0,68.0,95.0,44.0,98.0,63.0,101.0,22.0,21.0,40.0,18.0,45.0,0.0,78.0,70.0,26.0,48.0,0.0,68.0,44.0,18.0,0.0,0.0,61.0,0.0,76.0,88.0,0.0,1081.0,63.0,41.0,49.0,178.0,83.0,20.0,63.0,24.0,206.0,155.0,73.0,65.0,44.0,22.0,75.0,0.0,0.0,0.0,48.0
2032.0,0.0,0.0,171.0,0.0,16.0,66.0,20.0,0.0,0.0,38.0,40.0,75.0,34.0,0.0,154.0,38.0,103.0,35.0,91.0,0.0,38.0,0.0,0.0,40.0,37.0,77.0,116.0,39.0,43.0,148.0,0.0,0.0,58.0,55.0,81.0,71.0,0.0,112.0,21.0,19.0,59.0,0.0,0.0,97.0,0.0,0.0,94.0,49.0,45.0,0.0,86.0,61.0,22.0,0.0,0.0,0.0,22.0,306.0,62.0,0.0,121.0,63.0,39.0,0.0,18.0,0.0,32.0,43.0,95.0,0.0,18.0,22.0,0.0,0.0,20.0,19.0,32.0,18.0,38.0,151.0,19.0,22.0,34.0,0.0,42.0,18.0,42.0,0.0,40.0,0.0,79.0,0.0,0.0,21.0,0.0,0.0,68.0,0.0,0.0,16.0,64.0,17.0,0.0,0.0,0.0,58.0,19.0,17.0,33.0,77.0,0.0,22.0,18.0,20.0,20.0,0.0,21.0,39.0,0.0,19.0,165.0,35.0,0.0,0.0,42.0,0.0,0.0,19.0,0.0,32.0,112.0,0.0,19.0,0.0,0.0,13.0,47.0,17.0,30.0,0.0,20.0,34.0,21.0,43.0,0.0,0.0,0.0,21.0,18.0,19.0,24.0,22.0,130.0,0.0,29.0,0.0,39.0,0.0,0.0,0.0,0.0,0.0,0.0,566.0,22.0,39.0,21.0,22.0,0.0,39.0,0.0,0.0,15.0,0.0,230.0,0.0,0.0,0.0,21.0,65.0,59.0,0.0,20.0,0.0,0.0,132.0,38.0,0.0,42.0,0.0,42.0,37.0,21.0,0.0,36.0,47.0,139.0,0.0,16.0,80.0,0.0,40.0,20.0,40.0,0.0,19.0,37.0,330.0,0.0,0.0,52.0,79.0,22.0,0.0,59.0,20.0,0.0,0.0,110.0,59.0,19.0,0.0,0.0,22.0,0.0,36.0,35.0,15.0,0.0,20.0,0.0,0.0,20.0,0.0,18.0,40.0,0.0,0.0,42.0,0.0,0.0,0.0,43.0,0.0,0.0,20.0,0.0,0.0,65.0,66.0,17.0,0.0,0.0,16.0,0.0,21.0,19.0,0.0,39.0,36.0,0.0,43.0,43.0,19.0,21.0,0.0,40.0,0.0,0.0,0.0,0.0,130.0,20.0,101.0,0.0,0.0,0.0,0.0,0.0,0.0,115.0,72.0,0.0,0.0,18.0,0.0,19.0,0.0,0.0,55.0,11.0,194.0,0.0,0.0,20.0,0.0,0.0,0.0,0.0,56.0,0.0,21.0,0.0,19.0,0.0,0.0,0.0,0.0,38.0,0.0,16.0,20.0,0.0,0.0,0.0,20.0,0.0,0.0,61.0,0.0,21.0,79.0,21.0,0.0,0.0,0.0,78.0,0.0,0.0,20.0,21.0,32.0,0.0,0.0,79.0,20.0,0.0,0.0,44.0,0.0,0.0,0.0,0.0,63.0,108.0,0.0,0.0,71.0,0.0,0.0,0.0,0.0,167.0,0.0,0.0,0.0,0.0,0.0,19.0,0.0,19.0,0.0,19.0,40.0,0.0,0.0,0.0,0.0,144.0,21.0,51.0,131.0,57.0,0.0,58.0,37.0,400.0,85.0,39.0,66.0,38.0,36.0,39.0,132.0,106.0,78.0,60.0,751.0,0.0,0.0,0.0,64.0,0.0,20.0,137.0,16.0,0.0,63.0,90.0,0.0,50.0,117.0,62.0,2338.0,19.0,718.0,22.0,138.0,0.0,18.0,113.0,64.0,275.0,59.0,22.0,39.0,58.0,18.0,22.0,20.0,0.0,15.0,43.0
2117.0,1781.0,0.0,508.0,720.0,29.0,21.0,56.0,240.0,0.0,0.0,38.0,72.0,65.0,17.0,0.0,19.0,39.0,49.0,0.0,21.0,36.0,0.0,0.0,35.0,36.0,110.0,75.0,18.0,0.0,0.0,61.0,103.0,0.0,26.0,58.0,0.0,593.0,0.0,99.0,0.0,38.0,70.0,0.0,37.0,0.0,29.0,1521.0,82.0,29.0,0.0,21.0,0.0,103.0,27.0,56.0,104.0,62.0,55.0,59.0,37.0,95.0,0.0,0.0,0.0,0.0,21.0,136.0,41.0,166.0,0.0,0.0,41.0,70.0,0.0,19.0,55.0,46.0,0.0,18.0,21.0,0.0,103.0,30.0,18.0,0.0,17.0,40.0,38.0,0.0,0.0,113.0,19.0,0.0,20.0,31.0,0.0,0.0,81.0,38.0,31.0,0.0,0.0,20.0,82.0,0.0,0.0,18.0,33.0,0.0,73.0,53.0,103.0,34.0,75.0,0.0,15.0,0.0,37.0,0.0,0.0,213.0,33.0,41.0,26.0,0.0,20.0,47.0,0.0,0.0,0.0,178.0,0.0,0.0,54.0,50.0,0.0,15.0,32.0,84.0,0.0,19.0,48.0,0.0,20.0,0.0,60.0,0.0,0.0,17.0,37.0,23.0,0.0,144.0,0.0,0.0,61.0,0.0,40.0,0.0,0.0,0.0,0.0,21.0,37.0,41.0,37.0,99.0,41.0,0.0,0.0,38.0,0.0,57.0,78.0,141.0,19.0,0.0,25.0,0.0,0.0,0.0,0.0,0.0,0.0,20.0,106.0,0.0,0.0,40.0,19.0,0.0,0.0,0.0,50.0,34.0,15.0,50.0,38.0,0.0,0.0,61.0,0.0,19.0,19.0,0.0,0.0,0.0,0.0,0.0,20.0,0.0,19.0,0.0,31.0,38.0,0.0,107.0,0.0,1960.0,210.0,18.0,0.0,0.0,0.0,79.0,34.0,17.0,14.0,36.0,35.0,797.0,31.0,0.0,0.0,0.0,0.0,54.0,0.0,0.0,0.0,0.0,499.0,0.0,0.0,18.0,19.0,21.0,0.0,20.0,0.0,16.0,0.0,141.0,15.0,0.0,0.0,0.0,41.0,0.0,0.0,19.0,0.0,163.0,0.0,0.0,22.0,0.0,0.0,21.0,0.0,19.0,35.0,19.0,0.0,0.0,0.0,16.0,0.0,0.0,30.0,73.0,0.0,20.0,77.0,0.0,0.0,0.0,0.0,0.0,0.0,10.0,19.0,45.0,0.0,0.0,0.0,0.0,0.0,0.0,53.0,20.0,0.0,0.0,0.0,40.0,41.0,20.0,21.0,73.0,18.0,0.0,19.0,69.0,0.0,15.0,0.0,42.0,1151.0,58.0,0.0,0.0,0.0,0.0,0.0,0.0,17.0,260.0,15.0,0.0,19.0,0.0,0.0,0.0,20.0,131.0,0.0,57.0,15.0,0.0,25.0,0.0,19.0,18.0,0.0,0.0,0.0,35.0,0.0,79.0,20.0,0.0,0.0,140.0,15.0,19.0,0.0,0.0,0.0,0.0,184.0,18.0,0.0,0.0,54.0,0.0,0.0,0.0,27.0,0.0,20.0,17.0,54.0,90.0,740.0,18.0,0.0,0.0,81.0,111.0,42.0,36.0,17.0,37.0,35.0,203.0,0.0,76.0,20.0,0.0,59.0,22.0,42.0,93.0,303.0,19.0,136.0,429.0,0.0,17.0,38.0,48.0,19.0,98.0,126.0,159.0,119.0,0.0,19.0,72.0,0.0,36.0,0.0,280.0,36.0,82.0,37.0,0.0,74.0,41.0,38.0,362.0,129.0,0.0
1417.0,2435.0,47.0,310.0,0.0,35.0,16.0,128.0,110.0,230.0,14.0,852.0,41.0,50.0,50.0,28.0,0.0,0.0,75.0,40.0,32.0,27.0,0.0,160.0,15.0,14.0,42.0,57.0,70.0,0.0,0.0,12.0,0.0,28.0,100.0,0.0,0.0,335.0,0.0,46.0,0.0,14.0,71.0,15.0,14.0,33.0,195.0,0.0,55.0,11.0,51.0,0.0,0.0,96.0,93.0,89.0,67.0,0.0,111.0,59.0,84.0,15.0,15.0,29.0,0.0,13.0,0.0,80.0,126.0,99.0,29.0,26.0,16.0,234.0,0.0,14.0,70.0,70.0,13.0,14.0,125.0,14.0,63.0,25.0,14.0,31.0,40.0,29.0,44.0,29.0,131.0,29.0,99.0,99.0,15.0,47.0,0.0,0.0,45.0,43.0,126.0,0.0,0.0,0.0,140.0,34.0,0.0,0.0,25.0,0.0,56.0,27.0,109.0,105.0,14.0,0.0,234.0,15.0,57.0,0.0,0.0,190.0,76.0,93.0,80.0,0.0,0.0,36.0,14.0,14.0,0.0,217.0,0.0,14.0,0.0,0.0,49.0,11.0,49.0,107.0,0.0,29.0,49.0,30.0,44.0,14.0,0.0,0.0,15.0,13.0,14.0,0.0,16.0,94.0,0.0,0.0,31.0,0.0,15.0,14.0,0.0,58.0,0.0,32.0,199.0,16.0,0.0,15.0,47.0,16.0,14.0,0.0,14.0,110.0,0.0,173.0,0.0,65.0,49.0,0.0,0.0,13.0,0.0,14.0,24.0,119.0,207.0,0.0,0.0,0.0,14.0,31.0,14.0,0.0,10.0,79.0,45.0,63.0,15.0,23.0,0.0,62.0,0.0,0.0,0.0,70.0,0.0,14.0,75.0,0.0,31.0,13.0,0.0,0.0,48.0,0.0,0.0,23.0,29.0,1279.0,307.0,27.0,23.0,0.0,0.0,135.0,13.0,0.0,21.0,0.0,14.0,0.0,70.0,0.0,0.0,13.0,15.0,0.0,0.0,0.0,0.0,0.0,0.0,16.0,0.0,0.0,0.0,64.0,0.0,0.0,0.0,0.0,0.0,0.0,23.0,0.0,0.0,0.0,0.0,0.0,0.0,0.0,0.0,125.0,0.0,75.0,51.0,29.0,14.0,62.0,0.0,15.0,0.0,14.0,0.0,0.0,0.0,0.0,0.0,0.0,69.0,125.0,31.0,0.0,20.0,0.0,31.0,0.0,30.0,28.0,28.0,16.0,28.0,12.0,0.0,28.0,84.0,0.0,44.0,0.0,109.0,45.0,0.0,30.0,0.0,62.0,15.0,16.0,0.0,163.0,27.0,0.0,0.0,53.0,0.0,12.0,14.0,0.0,16.0,0.0,0.0,0.0,0.0,0.0,47.0,34.0,0.0,14.0,23.0,0.0,0.0,15.0,0.0,0.0,0.0,0.0,43.0,0.0,0.0,16.0,0.0,0.0,0.0,0.0,0.0,13.0,14.0,27.0,0.0,0.0,0.0,0.0,47.0,46.0,24.0,0.0,0.0,28.0,0.0,0.0,57.0,71.0,15.0,43.0,14.0,0.0,0.0,0.0,21.0,13.0,31.0,0.0,27.0,41.0,0.0,14.0,27.0,0.0,154.0,70.0,47.0,41.0,0.0,14.0,41.0,674.0,11.0,116.0,0.0,17.0,132.0,66.0,0.0,0.0,58.0,14.0,46.0,0.0,0.0,509.0,0.0,24.0,28.0,180.0,294.0,162.0,13.0,63.0,0.0,68.0,13.0,40.0,0.0,27.0,29.0,16.0,56.0,14.0,56.0,32.0,216.0,0.0,220.0,0.0
765.0,152.0,51.0,252.0,152.0,171.0,26.0,92.0,0.0,25.0,112.0,0.0,66.0,40.0,0.0,181.0,23.0,24.0,0.0,0.0,26.0,0.0,0.0,53.0,47.0,22.0,181.0,46.0,23.0,25.0,126.0,73.0,75.0,46.0,0.0,120.0,42.0,71.0,19.0,98.0,309.0,46.0,0.0,0.0,223.0,0.0,0.0,0.0,0.0,0.0,124.0,102.0,0.0,0.0,33.0,120.0,0.0,51.0,157.0,0.0,45.0,24.0,0.0,69.0,98.0,0.0,52.0,19.0,0.0,68.0,46.0,63.0,25.0,0.0,0.0,23.0,0.0,19.0,311.0,89.0,102.0,46.0,25.0,0.0,23.0,0.0,0.0,49.0,24.0,68.0,0.0,186.0,69.0,0.0,0.0,38.0,0.0,0.0,0.0,0.0,0.0,37.0,0.0,122.0,0.0,0.0,23.0,152.0,20.0,57.0,0.0,0.0,152.0,21.0,23.0,23.0,0.0,25.0,0.0,0.0,23.0,154.0,123.0,0.0,32.0,0.0,0.0,0.0,68.0,45.0,0.0,197.0,99.0,68.0,0.0,0.0,32.0,0.0,0.0,0.0,24.0,91.0,239.0,0.0,0.0,91.0,0.0,0.0,0.0,42.0,23.0,0.0,52.0,102.0,20.0,75.0,50.0,0.0,0.0,91.0,66.0,94.0,0.0,26.0,0.0,0.0,0.0,0.0,51.0,0.0,0.0,0.0,22.0,0.0,0.0,25.0,116.0,0.0,0.0,0.0,51.0,48.0,0.0,69.0,93.0,0.0,22.0,67.0,0.0,0.0,0.0,0.0,44.0,0.0,0.0,0.0,0.0,408.0,23.0,114.0,0.0,0.0,23.0,46.0,0.0,19.0,0.0,22.0,170.0,0.0,25.0,20.0,23.0,0.0,38.0,23.0,24.0,38.0,23.0,750.0,47.0,44.0,110.0,0.0,0.0,0.0,42.0,0.0,0.0,0.0,0.0,0.0,19.0,0.0,0.0,0.0,0.0,23.0,25.0,0.0,0.0,0.0,0.0,25.0,47.0,0.0,0.0,26.0,0.0,0.0,0.0,20.0,0.0,174.0,57.0,50.0,25.0,22.0,0.0,23.0,42.0,0.0,0.0,25.0,0.0,0.0,0.0,47.0,0.0,0.0,111.0,24.0,44.0,23.0,0.0,0.0,24.0,0.0,0.0,0.0,0.0,45.0,0.0,0.0,16.0,61.0,23.0,0.0,0.0,22.0,91.0,13.0,229.0,0.0,0.0,0.0,0.0,29.0,0.0,0.0,88.0,0.0,50.0,0.0,48.0,0.0,50.0,25.0,25.0,0.0,0.0,0.0,0.0,0.0,22.0,19.0,0.0,0.0,1092.0,164.0,0.0,25.0,0.0,0.0,0.0,0.0,0.0,69.0,0.0,23.0,0.0,25.0,19.0,0.0,25.0,23.0,0.0,0.0,0.0,0.0,0.0,0.0,0.0,0.0,23.0,85.0,0.0,0.0,0.0,0.0,0.0,0.0,0.0,25.0,0.0,0.0,0.0,0.0,0.0,23.0,46.0,0.0,0.0,0.0,0.0,68.0,24.0,0.0,0.0,170.0,0.0,331.0,111.0,200.0,584.0,518.0,43.0,71.0,149.0,68.0,103.0,44.0,127.0,45.0,175.0,0.0,128.0,94.0,0.0,0.0,118.0,0.0,51.0,0.0,71.0,46.0,38.0,0.0,26.0,85.0,0.0,355.0,46.0,0.0,32.0,22.0,42.0,125.0,23.0,42.0,63.0,44.0,50.0,87.0,23.0,0.0,46.0,228.0,0.0,52.0,23.0,0.0,18.0,200.0
113.0,1641.0,628.0,233.0,871.0,25.0,0.0,0.0,0.0,0.0,0.0,0.0,87.0,27.0,81.0,355.0,0.0,64.0,54.0,142.0,0.0,0.0,60.0,136.0,31.0,29.0,88.0,0.0,0.0,67.0,0.0,75.0,0.0,0.0,0.0,32.0,28.0,0.0,25.0,0.0,88.0,31.0,75.0,0.0,29.0,0.0,0.0,30.0,39.0,47.0,0.0,131.0,0.0,68.0,0.0,64.0,0.0,0.0,206.0,32.0,0.0,125.0,0.0,61.0,97.0,0.0,0.0,96.0,64.0,60.0,91.0,83.0,67.0,0.0,0.0,0.0,60.0,0.0,27.0,29.0,131.0,118.0,34.0,0.0,0.0,33.0,28.0,161.0,0.0,0.0,63.0,123.0,91.0,0.0,0.0,0.0,0.0,0.0,33.0,63.0,0.0,0.0,0.0,32.0,0.0,74.0,122.0,60.0,0.0,51.0,0.0,83.0,200.0,0.0,31.0,0.0,49.0,33.0,0.0,0.0,0.0,232.0,0.0,33.0,21.0,30.0,0.0,0.0,60.0,30.0,0.0,145.0,32.0,0.0,0.0,27.0,42.0,0.0,52.0,23.0,0.0,0.0,132.0,0.0,33.0,120.0,0.0,32.0,65.0,0.0,0.0,0.0,103.0,134.0,54.0,49.0,0.0,0.0,64.0,0.0,60.0,31.0,0.0,68.0,30.0,0.0,0.0,0.0,0.0,0.0,60.0,28.0,59.0,0.0,0.0,62.0,0.0,0.0,41.0,0.0,101.0,0.0,62.0,27.0,0.0,0.0,29.0,0.0,59.0,0.0,0.0,190.0,29.0,0.0,41.0,0.0,0.0,107.0,0.0,50.0,31.0,0.0,0.0,0.0,62.0,25.0,0.0,29.0,128.0,31.0,33.0,80.0,31.0,0.0,0.0,0.0,0.0,25.0,0.0,85.0,218.0,87.0,24.0,0.0,0.0,0.0,0.0,0.0,24.0,30.0,0.0,132.0,0.0,122.0,0.0,56.0,0.0,31.0,33.0,32.0,0.0,0.0,181.0,0.0,0.0,30.0,0.0,34.0,28.0,0.0,0.0,0.0,0.0,0.0,0.0,0.0,0.0,0.0,0.0,0.0,28.0,0.0,0.0,0.0,0.0,0.0,72.0,0.0,0.0,0.0,0.0,0.0,84.0,92.0,31.0,66.0,0.0,0.0,0.0,0.0,0.0,327.0,0.0,33.0,0.0,0.0,0.0,29.0,0.0,0.0,0.0,17.0,212.0,49.0,29.0,0.0,0.0,0.0,0.0,0.0,145.0,0.0,33.0,0.0,32.0,0.0,33.0,67.0,0.0,59.0,0.0,0.0,0.0,0.0,0.0,0.0,0.0,0.0,1808.0,32.0,0.0,0.0,60.0,66.0,0.0,74.0,30.0,60.0,0.0,0.0,31.0,0.0,24.0,31.0,0.0,122.0,0.0,0.0,0.0,0.0,41.0,0.0,0.0,0.0,0.0,0.0,0.0,0.0,0.0,32.0,0.0,0.0,0.0,33.0,22.0,0.0,33.0,0.0,0.0,0.0,60.0,0.0,0.0,0.0,0.0,0.0,0.0,0.0,0.0,84.0,0.0,111.0,117.0,147.0,2916.0,60.0,0.0,0.0,66.0,120.0,170.0,29.0,111.0,90.0,87.0,165.0,97.0,150.0,195.0,0.0,64.0,70.0,99.0,0.0,31.0,61.0,50.0,0.0,0.0,56.0,31.0,26.0,60.0,64.0,125.0,0.0,28.0,235.0,0.0,58.0,28.0,0.0,33.0,86.0,0.0,34.0,120.0,30.0,30.0,34.0,62.0,152.0,24.0,66.0
301.0,195.0,49.0,363.0,341.0,36.0,917.0,0.0,19.0,24.0,43.0,22.0,19.0,0.0,20.0,0.0,88.0,45.0,0.0,21.0,25.0,0.0,0.0,0.0,68.0,21.0,130.0,0.0,61.0,0.0,0.0,0.0,49.0,22.0,31.0,23.0,0.0,586.0,0.0,0.0,21.0,200.0,28.0,0.0,0.0,847.0,0.0,174.0,0.0,101.0,35.0,49.0,0.0,25.0,48.0,0.0,35.0,195.0,42.0,0.0,0.0,42.0,0.0,66.0,0.0,21.0,0.0,18.0,24.0,197.0,0.0,20.0,24.0,0.0,70.0,88.0,0.0,36.0,20.0,0.0,122.0,0.0,0.0,0.0,0.0,96.0,41.0,0.0,45.0,66.0,46.0,134.0,22.0,0.0,24.0,0.0,0.0,25.0,24.0,0.0,18.0,0.0,0.0,0.0,0.0,53.0,0.0,22.0,0.0,0.0,22.0,42.0,71.0,0.0,45.0,22.0,18.0,0.0,0.0,0.0,0.0,169.0,0.0,0.0,0.0,0.0,0.0,56.0,43.0,0.0,0.0,105.0,0.0,0.0,43.0,40.0,30.0,18.0,0.0,17.0,23.0,0.0,0.0,0.0,0.0,44.0,0.0,0.0,0.0,0.0,0.0,83.0,49.0,49.0,0.0,0.0,24.0,0.0,0.0,0.0,0.0,0.0,48.0,0.0,88.0,73.0,44.0,24.0,0.0,75.0,22.0,67.0,21.0,0.0,115.0,73.0,0.0,0.0,0.0,0.0,0.0,23.0,45.0,0.0,18.0,0.0,64.0,0.0,0.0,24.0,66.0,0.0,21.0,398.0,15.0,0.0,18.0,20.0,0.0,0.0,0.0,0.0,67.0,86.0,0.0,0.0,0.0,0.0,0.0,0.0,24.0,0.0,22.0,0.0,0.0,0.0,0.0,0.0,22.0,3465.0,113.0,0.0,0.0,0.0,0.0,0.0,0.0,0.0,17.0,22.0,0.0,1082.0,0.0,0.0,47.0,0.0,0.0,45.0,0.0,20.0,0.0,0.0,1177.0,0.0,0.0,21.0,0.0,25.0,0.0,0.0,0.0,19.0,0.0,594.0,0.0,0.0,0.0,0.0,0.0,0.0,0.0,0.0,24.0,24.0,0.0,0.0,0.0,0.0,22.0,25.0,0.0,23.0,42.0,0.0,0.0,24.0,0.0,0.0,26.0,23.0,0.0,87.0,0.0,0.0,0.0,0.0,0.0,0.0,0.0,0.0,0.0,0.0,66.0,0.0,0.0,0.0,0.0,0.0,0.0,27.0,21.0,0.0,0.0,23.0,0.0,0.0,0.0,0.0,0.0,86.0,0.0,0.0,0.0,0.0,0.0,18.0,45.0,50.0,658.0,65.0,23.0,48.0,0.0,0.0,0.0,53.0,0.0,66.0,0.0,0.0,0.0,0.0,0.0,0.0,24.0,132.0,0.0,0.0,0.0,0.0,0.0,0.0,44.0,0.0,24.0,20.0,0.0,0.0,20.0,0.0,0.0,0.0,0.0,24.0,0.0,0.0,0.0,0.0,0.0,22.0,44.0,0.0,0.0,0.0,0.0,0.0,0.0,0.0,0.0,41.0,0.0,20.0,21.0,62.0,317.0,0.0,1421.0,0.0,191.0,66.0,49.0,64.0,20.0,22.0,63.0,160.0,18.0,68.0,0.0,52.0,46.0,0.0,0.0,165.0,45.0,66.0,36.0,72.0,0.0,0.0,225.0,0.0,0.0,0.0,61.0,63.0,0.0,0.0,0.0,21.0,20.0,63.0,0.0,83.0,0.0,73.0,22.0,0.0,131.0,672.0,0.0,435.0,51.0,24.0
677.0,302.0,569.0,328.0,2289.0,45.0,92.0,27.0,71.0,0.0,80.0,28.0,0.0,24.0,0.0,0.0,82.0,29.0,0.0,0.0,0.0,105.0,0.0,0.0,28.0,26.0,106.0,27.0,27.0,0.0,0.0,22.0,0.0,0.0,38.0,0.0,0.0,2628.0,0.0,29.0,53.0,0.0,34.0,0.0,0.0,67.0,42.0,27.0,70.0,42.0,144.0,30.0,0.0,0.0,119.0,115.0,87.0,0.0,105.0,86.0,54.0,0.0,0.0,0.0,0.0,25.0,0.0,22.0,30.0,54.0,0.0,100.0,0.0,20.0,0.0,109.0,27.0,90.0,0.0,0.0,30.0,0.0,0.0,24.0,54.0,0.0,0.0,0.0,84.0,0.0,28.0,305.0,54.0,54.0,30.0,45.0,0.0,0.0,60.0,58.0,22.0,0.0,24.0,30.0,0.0,66.0,0.0,0.0,0.0,0.0,52.0,26.0,30.0,0.0,0.0,0.0,112.0,0.0,0.0,0.0,27.0,26.0,49.0,0.0,212.0,0.0,30.0,0.0,0.0,81.0,0.0,155.0,0.0,27.0,0.0,0.0,0.0,110.0,0.0,0.0,58.0,0.0,24.0,0.0,0.0,54.0,0.0,0.0,0.0,0.0,0.0,0.0,31.0,0.0,0.0,0.0,89.0,0.0,30.0,27.0,0.0,28.0,0.0,0.0,82.0,60.0,0.0,0.0,0.0,0.0,0.0,0.0,0.0,0.0,0.0,0.0,57.0,0.0,0.0,0.0,0.0,0.0,0.0,0.0,0.0,58.0,159.0,0.0,27.0,0.0,0.0,0.0,0.0,0.0,0.0,0.0,22.0,145.0,56.0,23.0,0.0,0.0,0.0,0.0,0.0,90.0,26.0,0.0,29.0,0.0,59.0,0.0,0.0,30.0,0.0,0.0,0.0,0.0,28.0,1373.0,140.0,0.0,0.0,0.0,0.0,0.0,0.0,0.0,0.0,0.0,28.0,30.0,90.0,0.0,0.0,0.0,0.0,0.0,0.0,0.0,0.0,0.0,163.0,0.0,0.0,0.0,84.0,0.0,0.0,0.0,0.0,0.0,0.0,30.0,22.0,0.0,0.0,26.0,0.0,27.0,0.0,0.0,0.0,150.0,0.0,0.0,64.0,0.0,0.0,30.0,0.0,28.0,78.0,27.0,0.0,0.0,0.0,0.0,0.0,0.0,0.0,106.0,40.0,111.0,19.0,25.0,0.0,0.0,58.0,0.0,0.0,15.0,27.0,22.0,0.0,27.0,107.0,0.0,29.0,0.0,78.0,0.0,0.0,0.0,0.0,30.0,0.0,0.0,0.0,107.0,0.0,0.0,0.0,0.0,0.0,45.0,0.0,0.0,2260.0,85.0,0.0,0.0,0.0,0.0,0.0,0.0,0.0,54.0,0.0,0.0,28.0,0.0,0.0,112.0,0.0,54.0,0.0,28.0,0.0,0.0,0.0,0.0,0.0,0.0,0.0,101.0,0.0,0.0,0.0,0.0,0.0,0.0,30.0,29.0,45.0,55.0,0.0,0.0,0.0,0.0,162.0,0.0,0.0,0.0,0.0,0.0,0.0,24.0,0.0,50.0,0.0,50.0,132.0,79.0,1538.0,0.0,0.0,0.0,59.0,27.0,61.0,0.0,75.0,54.0,26.0,198.0,65.0,56.0,0.0,0.0,86.0,0.0,61.0,68.0,28.0,55.0,0.0,0.0,0.0,48.0,56.0,47.0,0.0,230.0,38.0,0.0,50.0,0.0,0.0,52.0,50.0,79.0,0.0,438.0,27.0,0.0,54.0,27.0,0.0,0.0,28.0,132.0,21.0,0.0
49.0,241.0,0.0,22.0,0.0,130.0,0.0,40.0,0.0,386.0,0.0,0.0,19.0,0.0,0.0,712.0,40.0,0.0,17.0,0.0,0.0,19.0,0.0,0.0,0.0,19.0,97.0,20.0,20.0,22.0,43.0,32.0,0.0,0.0,0.0,41.0,0.0,651.0,16.0,21.0,19.0,80.0,0.0,0.0,20.0,0.0,0.0,0.0,0.0,0.0,36.0,108.0,0.0,44.0,43.0,61.0,0.0,44.0,115.0,0.0,0.0,20.0,0.0,0.0,42.0,0.0,0.0,16.0,0.0,78.0,0.0,36.0,0.0,0.0,42.0,0.0,0.0,0.0,18.0,38.0,44.0,20.0,0.0,0.0,19.0,85.0,0.0,21.0,0.0,41.0,0.0,279.0,39.0,20.0,0.0,0.0,36.0,0.0,87.0,0.0,0.0,0.0,0.0,21.0,0.0,0.0,0.0,58.0,0.0,16.0,19.0,0.0,87.0,18.0,0.0,0.0,0.0,0.0,40.0,0.0,20.0,19.0,0.0,0.0,14.0,43.0,0.0,0.0,0.0,39.0,0.0,0.0,0.0,39.0,38.0,36.0,68.0,0.0,34.0,0.0,39.0,81.0,361.0,0.0,0.0,20.0,0.0,0.0,21.0,18.0,0.0,0.0,67.0,87.0,18.0,60.0,0.0,0.0,0.0,0.0,0.0,20.0,0.0,0.0,20.0,0.0,40.0,0.0,44.0,0.0,0.0,0.0,19.0,0.0,0.0,0.0,124.0,0.0,0.0,0.0,22.0,0.0,0.0,0.0,82.0,42.0,38.0,38.0,0.0,0.0,0.0,0.0,19.0,0.0,0.0,0.0,0.0,263.0,0.0,0.0,0.0,0.0,0.0,20.0,0.0,0.0,0.0,0.0,21.0,0.0,0.0,0.0,0.0,0.0,33.0,20.0,0.0,0.0,0.0,3582.0,81.0,19.0,16.0,0.0,0.0,0.0,0.0,0.0,0.0,0.0,20.0,0.0,0.0,0.0,0.0,18.0,0.0,40.0,0.0,21.0,0.0,20.0,0.0,0.0,0.0,0.0,0.0,0.0,20.0,0.0,0.0,0.0,0.0,450.0,16.0,0.0,0.0,19.0,0.0,0.0,18.0,0.0,0.0,0.0,0.0,0.0,0.0,38.0,0.0,0.0,0.0,61.0,0.0,20.0,20.0,0.0,0.0,0.0,0.0,0.0,0.0,0.0,0.0,0.0,0.0,18.0,0.0,0.0,0.0,0.0,0.0,22.0,0.0,0.0,0.0,20.0,0.0,0.0,0.0,0.0,19.0,0.0,0.0,0.0,0.0,0.0,0.0,0.0,0.0,77.0,0.0,0.0,0.0,0.0,21.0,0.0,0.0,0.0,831.0,121.0,0.0,0.0,20.0,0.0,0.0,0.0,0.0,217.0,16.0,20.0,0.0,0.0,0.0,0.0,0.0,80.0,0.0,0.0,0.0,0.0,0.0,43.0,0.0,0.0,21.0,109.0,0.0,19.0,0.0,0.0,21.0,45.0,0.0,85.0,0.0,20.0,0.0,0.0,77.0,0.0,20.0,0.0,0.0,0.0,0.0,0.0,20.0,0.0,58.0,55.0,0.0,180.0,19.0,77.0,0.0,19.0,37.0,0.0,0.0,59.0,133.0,133.0,127.0,78.0,0.0,36.0,95.0,101.0,0.0,0.0,63.0,0.0,67.0,0.0,41.0,19.0,0.0,1062.0,200.0,73.0,0.0,153.0,0.0,0.0,0.0,19.0,37.0,22.0,20.0,73.0,18.0,76.0,0.0,37.0,20.0,0.0,98.0,0.0,20.0,22.0,20.0,0.0,15.0,65.0
70.0,731.0,63.0,248.0,0.0,31.0,0.0,0.0,66.0,0.0,18.0,0.0,18.0,33.0,0.0,56.0,38.0,0.0,50.0,18.0,0.0,73.0,0.0,0.0,19.0,0.0,19.0,38.0,19.0,21.0,41.0,108.0,21.0,55.0,0.0,20.0,0.0,369.0,0.0,0.0,73.0,37.0,0.0,0.0,38.0,93.0,0.0,0.0,37.0,15.0,0.0,0.0,0.0,63.0,14.0,60.0,15.0,21.0,92.0,40.0,56.0,19.0,0.0,111.0,0.0,35.0,43.0,31.0,0.0,94.0,19.0,17.0,0.0,57.0,0.0,19.0,19.0,62.0,17.0,73.0,0.0,75.0,0.0,33.0,19.0,41.0,0.0,40.0,39.0,58.0,20.0,192.0,0.0,19.0,0.0,0.0,17.0,0.0,0.0,0.0,46.0,31.0,33.0,20.0,42.0,46.0,38.0,0.0,0.0,0.0,18.0,18.0,167.0,52.0,38.0,19.0,16.0,0.0,0.0,0.0,0.0,198.0,0.0,21.0,13.0,41.0,0.0,0.0,17.0,74.0,0.0,144.0,0.0,0.0,0.0,34.0,13.0,0.0,16.0,14.0,0.0,136.0,82.0,20.0,0.0,0.0,0.0,0.0,0.0,119.0,0.0,24.0,21.0,230.0,0.0,31.0,21.0,0.0,20.0,0.0,0.0,0.0,0.0,0.0,19.0,21.0,0.0,0.0,0.0,0.0,37.0,19.0,18.0,29.0,0.0,230.0,0.0,0.0,13.0,0.0,21.0,0.0,0.0,38.0,16.0,0.0,110.0,55.0,18.0,20.0,0.0,41.0,0.0,0.0,37.0,35.0,15.0,100.0,0.0,16.0,19.0,0.0,0.0,57.0,0.0,73.0,0.0,18.0,0.0,19.0,0.0,17.0,0.0,20.0,0.0,0.0,20.0,16.0,19.0,2145.0,155.0,18.0,0.0,0.0,42.0,80.0,0.0,0.0,15.0,38.0,0.0,663.0,15.0,38.0,0.0,18.0,0.0,0.0,0.0,0.0,0.0,62.0,704.0,0.0,0.0,18.0,0.0,0.0,18.0,0.0,0.0,0.0,0.0,143.0,31.0,0.0,0.0,0.0,21.0,38.0,0.0,19.0,0.0,187.0,0.0,20.0,22.0,0.0,19.0,21.0,0.0,0.0,18.0,17.0,0.0,20.0,0.0,0.0,22.0,0.0,0.0,112.0,28.0,20.0,0.0,0.0,18.0,0.0,40.0,19.0,19.0,0.0,56.0,0.0,38.0,0.0,19.0,0.0,20.0,0.0,72.0,20.0,0.0,0.0,0.0,0.0,0.0,21.0,0.0,111.0,0.0,0.0,0.0,0.0,0.0,47.0,38.0,0.0,3161.0,39.0,0.0,20.0,0.0,0.0,21.0,0.0,19.0,56.0,31.0,19.0,19.0,20.0,44.0,0.0,20.0,38.0,0.0,19.0,15.0,0.0,0.0,21.0,0.0,0.0,0.0,35.0,0.0,0.0,34.0,0.0,0.0,0.0,0.0,0.0,0.0,19.0,62.0,0.0,0.0,0.0,91.0,19.0,0.0,0.0,0.0,0.0,19.0,17.0,28.0,87.0,0.0,121.0,73.0,91.0,60.0,112.0,0.0,0.0,41.0,37.0,42.0,0.0,17.0,19.0,18.0,583.0,45.0,116.0,0.0,0.0,58.0,41.0,127.0,1444.0,58.0,208.0,77.0,83.0,0.0,35.0,0.0,97.0,38.0,120.0,206.0,108.0,0.0,63.0,0.0,54.0,17.0,18.0,0.0,71.0,19.0,42.0,0.0,94.0,75.0,0.0,19.0,235.0,59.0,62.0
2077.0,3832.0,0.0,488.0,0.0,33.0,0.0,81.0,70.0,0.0,79.0,0.0,156.0,18.0,0.0,100.0,41.0,63.0,36.0,0.0,89.0,0.0,0.0,46.0,0.0,39.0,259.0,61.0,100.0,22.0,0.0,83.0,45.0,119.0,113.0,124.0,19.0,21.0,83.0,22.0,39.0,39.0,0.0,0.0,20.0,0.0,0.0,20.0,39.0,78.0,0.0,0.0,21.0,45.0,118.0,0.0,81.0,67.0,195.0,21.0,0.0,21.0,0.0,0.0,0.0,38.0,69.0,33.0,0.0,422.0,61.0,19.0,67.0,15.0,105.0,20.0,40.0,17.0,0.0,20.0,379.0,0.0,90.0,193.0,0.0,0.0,76.0,22.0,21.0,42.0,21.0,309.0,0.0,0.0,39.0,34.0,0.0,23.0,44.0,0.0,33.0,16.0,0.0,0.0,22.0,146.0,0.0,40.0,0.0,33.0,0.0,0.0,90.0,0.0,62.0,0.0,17.0,22.0,40.0,0.0,60.0,155.0,36.0,22.0,0.0,44.0,22.0,34.0,20.0,40.0,16.0,78.0,0.0,40.0,100.0,127.0,14.0,98.0,35.0,13.0,21.0,0.0,35.0,21.0,22.0,20.0,85.0,43.0,44.0,0.0,20.0,126.0,23.0,200.0,36.0,0.0,0.0,0.0,0.0,20.0,40.0,0.0,22.0,46.0,18.0,45.0,81.0,22.0,0.0,183.0,0.0,0.0,20.0,0.0,42.0,134.0,0.0,62.0,69.0,67.0,0.0,21.0,0.0,0.0,0.0,0.0,177.0,0.0,0.0,22.0,21.0,0.0,39.0,22.0,69.0,0.0,0.0,108.0,21.0,0.0,0.0,22.0,0.0,0.0,0.0,0.0,39.0,39.0,0.0,42.0,0.0,18.0,21.0,0.0,0.0,0.0,0.0,0.0,21.0,188.0,167.0,19.0,0.0,0.0,22.0,0.0,0.0,0.0,0.0,41.0,0.0,22.0,0.0,0.0,0.0,0.0,41.0,82.0,22.0,0.0,35.0,0.0,30.0,22.0,21.0,40.0,41.0,46.0,0.0,0.0,23.0,0.0,0.0,88.0,17.0,0.0,0.0,39.0,0.0,0.0,0.0,0.0,0.0,65.0,40.0,0.0,0.0,0.0,0.0,23.0,0.0,0.0,116.0,21.0,0.0,22.0,64.0,51.0,24.0,42.0,16.0,40.0,0.0,0.0,0.0,0.0,0.0,20.0,0.0,0.0,0.0,11.0,101.0,33.0,0.0,0.0,0.0,0.0,0.0,0.0,58.0,21.0,0.0,0.0,21.0,0.0,22.0,0.0,0.0,40.0,38.0,0.0,0.0,0.0,0.0,0.0,21.0,46.0,0.0,84.0,63.0,0.0,0.0,0.0,22.0,0.0,0.0,221.0,32.0,0.0,21.0,0.0,17.0,0.0,0.0,184.0,0.0,21.0,16.0,0.0,0.0,0.0,40.0,0.0,0.0,74.0,0.0,0.0,0.0,0.0,0.0,0.0,0.0,65.0,0.0,0.0,0.0,40.0,0.0,0.0,121.0,0.0,22.0,0.0,0.0,0.0,0.0,0.0,0.0,37.0,0.0,0.0,78.0,78.0,0.0,0.0,38.0,21.0,0.0,80.0,134.0,78.0,37.0,80.0,136.0,110.0,16.0,83.0,0.0,119.0,43.0,71.0,272.0,0.0,104.0,61.0,149.0,0.0,0.0,130.0,352.0,17.0,20.0,43.0,84.0,19.0,19.0,90.0,41.0,58.0,19.0,58.0,0.0,440.0,59.0,45.0,100.0,20.0,141.0,23.0,41.0,0.0,29.0,0.0
1551.0,3523.0,0.0,345.0,0.0,44.0,20.0,53.0,28.0,0.0,17.0,36.0,67.0,46.0,31.0,309.0,18.0,34.0,124.0,16.0,159.0,0.0,34.0,156.0,0.0,67.0,345.0,18.0,69.0,38.0,19.0,115.0,39.0,17.0,49.0,125.0,16.0,0.0,0.0,75.0,68.0,35.0,22.0,37.0,70.0,0.0,27.0,52.0,78.0,54.0,63.0,19.0,18.0,0.0,64.0,18.0,14.0,58.0,151.0,18.0,0.0,0.0,38.0,35.0,37.0,0.0,20.0,86.0,19.0,226.0,123.0,110.0,97.0,0.0,19.0,88.0,86.0,0.0,0.0,0.0,288.0,52.0,97.0,15.0,17.0,38.0,16.0,19.0,36.0,90.0,0.0,248.0,105.0,17.0,35.0,29.0,16.0,20.0,0.0,0.0,29.0,28.0,0.0,38.0,0.0,0.0,69.0,34.0,0.0,73.0,34.0,50.0,310.0,0.0,36.0,0.0,0.0,38.0,0.0,231.0,87.0,184.0,31.0,0.0,12.0,0.0,38.0,15.0,0.0,52.0,0.0,50.0,35.0,35.0,52.0,47.0,12.0,28.0,46.0,13.0,37.0,18.0,91.0,37.0,56.0,35.0,38.0,0.0,38.0,32.0,0.0,22.0,20.0,155.0,30.0,28.0,38.0,0.0,57.0,17.0,0.0,0.0,0.0,0.0,70.0,0.0,31.0,37.0,0.0,20.0,17.0,36.0,51.0,14.0,0.0,251.0,0.0,54.0,12.0,19.0,58.0,0.0,18.0,0.0,15.0,0.0,68.0,34.0,0.0,56.0,0.0,0.0,17.0,0.0,0.0,0.0,98.0,47.0,0.0,14.0,18.0,19.0,36.0,0.0,70.0,14.0,33.0,33.0,184.0,0.0,0.0,0.0,18.0,0.0,59.0,0.0,0.0,14.0,18.0,194.0,36.0,34.0,0.0,18.0,58.0,0.0,14.0,0.0,27.0,18.0,0.0,0.0,13.0,18.0,18.0,0.0,18.0,0.0,19.0,19.0,0.0,0.0,0.0,58.0,51.0,33.0,0.0,40.0,0.0,0.0,20.0,77.0,38.0,19.0,14.0,19.0,0.0,34.0,0.0,52.0,0.0,0.0,19.0,56.0,0.0,0.0,0.0,0.0,0.0,0.0,16.0,18.0,116.0,0.0,54.0,38.0,35.0,15.0,0.0,0.0,0.0,155.0,0.0,0.0,0.0,0.0,57.0,17.0,0.0,0.0,17.0,9.0,175.0,0.0,70.0,18.0,0.0,23.0,0.0,47.0,33.0,0.0,0.0,17.0,0.0,0.0,0.0,19.0,19.0,0.0,17.0,0.0,0.0,16.0,19.0,0.0,0.0,0.0,0.0,91.0,0.0,0.0,0.0,0.0,19.0,0.0,35.0,70.0,0.0,18.0,18.0,0.0,0.0,36.0,57.0,35.0,0.0,0.0,0.0,20.0,0.0,16.0,0.0,35.0,0.0,81.0,0.0,17.0,0.0,0.0,37.0,0.0,0.0,113.0,0.0,18.0,19.0,0.0,0.0,0.0,35.0,0.0,19.0,0.0,0.0,17.0,17.0,15.0,0.0,259.0,0.0,96.0,183.0,34.0,0.0,103.0,0.0,36.0,76.0,52.0,59.0,17.0,113.0,208.0,152.0,286.0,84.0,89.0,0.0,18.0,18.0,122.0,157.0,0.0,18.0,141.0,129.0,0.0,0.0,32.0,0.0,45.0,17.0,0.0,72.0,67.0,16.0,39.0,53.0,83.0,64.0,34.0,226.0,181.0,67.0,96.0,52.0,17.0,70.0,20.0,71.0,0.0,25.0,38.0
2157.0,4843.0,0.0,326.0,0.0,18.0,24.0,21.0,55.0,0.0,62.0,0.0,61.0,111.0,19.0,105.0,0.0,22.0,56.0,20.0,48.0,348.0,0.0,146.0,0.0,61.0,418.0,85.0,21.0,47.0,158.0,140.0,24.0,0.0,0.0,21.0,0.0,0.0,35.0,23.0,0.0,21.0,54.0,0.0,0.0,0.0,0.0,0.0,53.0,16.0,38.0,47.0,176.0,71.0,77.0,0.0,84.0,47.0,81.0,157.0,126.0,44.0,23.0,64.0,45.0,0.0,24.0,69.0,0.0,253.0,21.0,0.0,24.0,111.0,45.0,0.0,63.0,140.0,58.0,21.0,327.0,21.0,47.0,55.0,21.0,0.0,20.0,113.0,109.0,44.0,88.0,129.0,42.0,39.0,88.0,35.0,0.0,0.0,23.0,0.0,35.0,35.0,19.0,0.0,71.0,0.0,20.0,21.0,0.0,71.0,104.0,40.0,233.0,39.0,0.0,0.0,0.0,0.0,43.0,0.0,63.0,142.0,0.0,70.0,60.0,69.0,0.0,0.0,0.0,42.0,0.0,202.0,160.0,21.0,21.0,19.0,58.0,0.0,37.0,16.0,0.0,0.0,92.0,0.0,23.0,0.0,0.0,45.0,0.0,20.0,21.0,27.0,0.0,259.0,0.0,67.0,23.0,20.0,23.0,0.0,0.0,0.0,0.0,24.0,107.0,0.0,0.0,21.0,93.0,24.0,21.0,0.0,41.0,49.0,0.0,141.0,0.0,0.0,44.0,21.0,24.0,0.0,22.0,43.0,35.0,22.0,248.0,41.0,0.0,23.0,0.0,0.0,0.0,0.0,57.0,0.0,0.0,94.0,0.0,53.0,22.0,23.0,22.0,21.0,22.0,52.0,0.0,0.0,67.0,0.0,0.0,38.0,0.0,24.0,0.0,0.0,22.0,35.0,0.0,79.0,152.0,0.0,17.0,22.0,24.0,67.0,0.0,0.0,0.0,22.0,43.0,0.0,0.0,86.0,67.0,79.0,22.0,21.0,21.0,23.0,37.0,22.0,0.0,0.0,42.0,42.0,0.0,24.0,0.0,23.0,0.0,36.0,23.0,46.0,0.0,139.0,0.0,20.0,47.0,42.0,0.0,42.0,23.0,161.0,58.0,23.0,0.0,0.0,0.0,24.0,0.0,0.0,141.0,0.0,0.0,19.0,0.0,0.0,0.0,0.0,17.0,63.0,0.0,0.0,15.0,0.0,23.0,0.0,0.0,0.0,0.0,35.0,127.0,15.0,21.0,0.0,0.0,0.0,23.0,29.0,122.0,0.0,0.0,0.0,0.0,0.0,0.0,0.0,0.0,167.0,40.0,0.0,0.0,20.0,0.0,18.0,0.0,0.0,0.0,44.0,22.0,23.0,0.0,0.0,0.0,0.0,0.0,62.0,17.0,43.0,0.0,23.0,18.0,0.0,23.0,64.0,0.0,0.0,0.0,0.0,0.0,0.0,21.0,0.0,0.0,157.0,0.0,20.0,19.0,22.0,0.0,24.0,0.0,137.0,0.0,0.0,23.0,0.0,27.0,21.0,127.0,0.0,0.0,0.0,0.0,0.0,0.0,0.0,0.0,20.0,0.0,78.0,21.0,103.0,0.0,42.0,40.0,44.0,136.0,21.0,0.0,102.0,117.0,105.0,20.0,77.0,34.0,106.0,23.0,25.0,135.0,0.0,24.0,0.0,44.0,21.0,87.0,0.0,24.0,0.0,22.0,110.0,84.0,202.0,117.0,102.0,59.0,47.0,64.0,41.0,20.0,41.0,0.0,320.0,128.0,118.0,0.0,63.0,106.0,0.0,65.0,0.0,50.0,68.0
